Workbook

Sheet Pesos GPS
A1: PESOS Y NORMALIZACIÓN | GPS NUEVA YORK · TOKIO
A2: Modelo NumPy: arquitectura 2 → 4 → 8 → 1, ReLU / ReLU / Sigmoide | K2: Normalización
K3: Estadístico | L3: Valor
A4: Capa 1 (2 entradas → 4 neuronas) | K4: Media lat | L4: 38.194371
A5: Entrada | B5: N1 | C5: N2 | D5: N3 | E5: N4 | K5: Desv lat | L5: 2.5176036
A6: Lat normalizada | B6: 0.44227833 | C6: -1.0115053 | D6: 0.70138683 | E6: 1.1178469 | K6: Media lon | L6: 32.820905
A7: Lon normalizada | B7: -2.0886111 | C7: -1.3306595 | D7: 0.17691003 | E7: -0.49354299 | K7: Desv lon | L7: 106.8277
A8: Sesgo b1 | B8: 0.1375759 | C8: 0.028480008 | D8: -0.049069615 | E8: 0.17730041
K9: Semilla | L9: 42
K10: Épocas | L10: 2000
A11: Capa 2 (4 → 8) | K11: Aprendizaje | L11: 0.1
A12: Neurona anterior | B12: N1 | C12: N2 | D12: N3 | E12: N4 | F12: N5 | G12: N6 | H12: N7 | I12: N8
A13: H1 | B13: -0.011880212 | C13: -0.60319315 | D13: 1.0038285 | E13: 0.66182061 | F13: 0.026039483 | G13: 0.80643898 | H13: 0.13214755 | I13: -0.60761153 | K13: Salida sigmoid | L13: 0=NY, 1=Tokio
A14: H2 | B14: 0.26074618 | C14: -0.67803239 | D14: 0.66628917 | E14: -0.021766861 | F14: -0.133065 | G14: -0.48022175 | H14: 0.84139554 | I14: -0.10926884
A15: H3 | B15: -0.30287351 | C15: -0.24899602 | D15: 0.4535586 | E15: 0.27892644 | F15: 0.28721006 | G15: 0.30543874 | H15: 1.4718515 | I15: -0.28737881
A16: H4 | B16: -0.36221031 | C16: -0.57542421 | D16: 0.67606883 | E16: 0.87113473 | F16: -0.093005616 | G16: -0.58692877 | H16: -0.70508349 | I16: 0.46003857
A17: Sesgo b2 | B17: 0 | C17: 0 | D17: -0.00022649304 | E17: -7.9206321e-05 | F17: -0.0089606482 | G17: -4.1021495e-05 | H17: -0.084154444 | I17: 0
A20: Capa 3 (8 → 1)
A21: Neurona anterior | B21: Salida
A22: H1 | B22: 0.37162709
A23: H2 | B23: 0.27157713
A24: H3 | B24: -1.059698
A25: H4 | B25: -0.53225719
A26: H5 | B26: 0.045504419
A27: H6 | B27: -0.13503934
A28: H7 | B28: 0.30959372
A29: H8 | B29: 0.11179777
A30: Sesgo b3 | B30: 2.3780715

Sheet Validacion GPS
A1: ID | B1: Ciudad | C1: Latitud | D1: Longitud | E1: Clase real | F1: Datos | G1: Lat norm | H1: Lon norm | I1: ReLU1_N1 | J1: ReLU1_N2 | K1: ReLU1_N3 | L1: ReLU1_N4 | M1: ReLU2_N1 | N1: ReLU2_N2 | O1: ReLU2_N3 | P1: ReLU2_N4 | Q1: ReLU2_N5 | R1: ReLU2_N6 | S1: ReLU2_N7 | T1: ReLU2_N8 | U1: Logit | V1: Sigmoide | W1: Clase predicha | X1: Acierto | Y1: Error absoluto | Z1: Predicción NumPy | AA1: Validación
A2: 1 | B2: Nueva York | C2: 40.718285 | D2: -74.009966 | E2: 0 | F2: Entrenamiento | G2: =(C2-'Pesos GPS'!$L$4)/'Pesos GPS'!$L$5 -> 1.0025067 | H2: =(D2-'Pesos GPS'!$L$6)/'Pesos GPS'!$L$7 -> -1.0000297 | I2: =MAX(0,G2*'Pesos GPS'!B$6+H2*'Pesos GPS'!B$7+'Pesos GPS'!B$8) -> 2.669636 | J2: =MAX(0,G2*'Pesos GPS'!C$6+H2*'Pesos GPS'!C$7+'Pesos GPS'!C$8) -> 0.34513824 | K2: =MAX(0,G2*'Pesos GPS'!D$6+H2*'Pesos GPS'!D$7+'Pesos GPS'!D$8) -> 0.47716006 | L2: =MAX(0,G2*'Pesos GPS'!E$6+H2*'Pesos GPS'!E$7+'Pesos GPS'!E$8) -> 1.791507 | M2: =MAX(0,I2*'Pesos GPS'!B$13+J2*'Pesos GPS'!B$14+K2*'Pesos GPS'!B$15+L2*'Pesos GPS'!B$16+'Pesos GPS'!B$17) -> 0 | N2: =MAX(0,I2*'Pesos GPS'!C$13+J2*'Pesos GPS'!C$14+K2*'Pesos GPS'!C$15+L2*'Pesos GPS'!C$16+'Pesos GPS'!C$17) -> 0 | O2: =MAX(0,I2*'Pesos GPS'!D$13+J2*'Pesos GPS'!D$14+K2*'Pesos GPS'!D$15+L2*'Pesos GPS'!D$16+'Pesos GPS'!D$17) -> 4.3371942 | P2: =MAX(0,I2*'Pesos GPS'!E$13+J2*'Pesos GPS'!E$14+K2*'Pesos GPS'!E$15+L2*'Pesos GPS'!E$16+'Pesos GPS'!E$17) -> 3.4529649 | Q2: =MAX(0,I2*'Pesos GPS'!F$13+J2*'Pesos GPS'!F$14+K2*'Pesos GPS'!F$15+L2*'Pesos GPS'!F$16+'Pesos GPS'!F$17) -> 0 | R2: =MAX(0,I2*'Pesos GPS'!G$13+J2*'Pesos GPS'!G$14+K2*'Pesos GPS'!G$15+L2*'Pesos GPS'!G$16+'Pesos GPS'!G$17) -> 1.0813707 | S2: =MAX(0,I2*'Pesos GPS'!H$13+J2*'Pesos GPS'!H$14+K2*'Pesos GPS'!H$15+L2*'Pesos GPS'!H$16+'Pesos GPS'!H$17) -> 0 | T2: =MAX(0,I2*'Pesos GPS'!I$13+J2*'Pesos GPS'!I$14+K2*'Pesos GPS'!I$15+L2*'Pesos GPS'!I$16+'Pesos GPS'!I$17) -> 0 | U2: =M2*'Pesos GPS'!$B$22+N2*'Pesos GPS'!$B$23+O2*'Pesos GPS'!$B$24+P2*'Pesos GPS'!$B$25+Q2*'Pesos GPS'!$B$26+R2*'Pesos GPS'!$B$27+S2*'Pesos GPS'!$B$28+T2*'Pesos GPS'!$B$29+'Pesos GPS'!$B$30 -> -4.2019373 | V2: =1/(1+EXP(-U2)) -> 0.014745859 | W2: =IF(V2>=0.5,1,0) -> 0 | X2: =IF(W2=E2,1,0) -> 1 | Y2: =ABS(V2-Z2) -> 0 | Z2: 0.014745859 | AA2: =IF(Y2<0.00000001,"OK","REVISAR") -> OK
A3: 2 | B3: Nueva York | C3: 40.69408 | D3: -74.031891 | E3: 0 | F3: Entrenamiento | G3: =(C3-'Pesos GPS'!$L$4)/'Pesos GPS'!$L$5 -> 0.99289236 | H3: =(D3-'Pesos GPS'!$L$6)/'Pesos GPS'!$L$7 -> -1.0002349 | I3: =MAX(0,G3*'Pesos GPS'!B$6+H3*'Pesos GPS'!B$7+'Pesos GPS'!B$8) -> 2.6658124 | J3: =MAX(0,G3*'Pesos GPS'!C$6+H3*'Pesos GPS'!C$7+'Pesos GPS'!C$8) -> 0.35513625 | K3: =MAX(0,G3*'Pesos GPS'!D$6+H3*'Pesos GPS'!D$7+'Pesos GPS'!D$8) -> 0.47038041 | L3: =MAX(0,G3*'Pesos GPS'!E$6+H3*'Pesos GPS'!E$7+'Pesos GPS'!E$8) -> 1.780861 | M3: =MAX(0,I3*'Pesos GPS'!B$13+J3*'Pesos GPS'!B$14+K3*'Pesos GPS'!B$15+L3*'Pesos GPS'!B$16+'Pesos GPS'!B$17) -> 0 | N3: =MAX(0,I3*'Pesos GPS'!C$13+J3*'Pesos GPS'!C$14+K3*'Pesos GPS'!C$15+L3*'Pesos GPS'!C$16+'Pesos GPS'!C$17) -> 0 | O3: =MAX(0,I3*'Pesos GPS'!D$13+J3*'Pesos GPS'!D$14+K3*'Pesos GPS'!D$15+L3*'Pesos GPS'!D$16+'Pesos GPS'!D$17) -> 4.3297452 | P3: =MAX(0,I3*'Pesos GPS'!E$13+J3*'Pesos GPS'!E$14+K3*'Pesos GPS'!E$15+L3*'Pesos GPS'!E$16+'Pesos GPS'!E$17) -> 3.4390516 | Q3: =MAX(0,I3*'Pesos GPS'!F$13+J3*'Pesos GPS'!F$14+K3*'Pesos GPS'!F$15+L3*'Pesos GPS'!F$16+'Pesos GPS'!F$17) -> 0 | R3: =MAX(0,I3*'Pesos GPS'!G$13+J3*'Pesos GPS'!G$14+K3*'Pesos GPS'!G$15+L3*'Pesos GPS'!G$16+'Pesos GPS'!G$17) -> 1.0776637 | S3: =MAX(0,I3*'Pesos GPS'!H$13+J3*'Pesos GPS'!H$14+K3*'Pesos GPS'!H$15+L3*'Pesos GPS'!H$16+'Pesos GPS'!H$17) -> 0.0036106155 | T3: =MAX(0,I3*'Pesos GPS'!I$13+J3*'Pesos GPS'!I$14+K3*'Pesos GPS'!I$15+L3*'Pesos GPS'!I$16+'Pesos GPS'!I$17) -> 0 | U3: =M3*'Pesos GPS'!$B$22+N3*'Pesos GPS'!$B$23+O3*'Pesos GPS'!$B$24+P3*'Pesos GPS'!$B$25+Q3*'Pesos GPS'!$B$26+R3*'Pesos GPS'!$B$27+S3*'Pesos GPS'!$B$28+T3*'Pesos GPS'!$B$29+'Pesos GPS'!$B$30 -> -4.1850198 | V3: =1/(1+EXP(-U3)) -> 0.014993673 | W3: =IF(V3>=0.5,1,0) -> 0 | X3: =IF(W3=E3,1,0) -> 1 | Y3: =ABS(V3-Z3) -> 0 | Z3: 0.014993673 | AA3: =IF(Y3<0.00000001,"OK","REVISAR") -> OK
A4: 3 | B4: Nueva York | C4: 40.726308 | D4: -74.047867 | E4: 0 | F4: Entrenamiento | G4: =(C4-'Pesos GPS'!$L$4)/'Pesos GPS'!$L$5 -> 1.0056934 | H4: =(D4-'Pesos GPS'!$L$6)/'Pesos GPS'!$L$7 -> -1.0003845 | I4: =MAX(0,G4*'Pesos GPS'!B$6+H4*'Pesos GPS'!B$7+'Pesos GPS'!B$8) -> 2.6717864 | J4: =MAX(0,G4*'Pesos GPS'!C$6+H4*'Pesos GPS'!C$7+'Pesos GPS'!C$8) -> 0.34238691 | K4: =MAX(0,G4*'Pesos GPS'!D$6+H4*'Pesos GPS'!D$7+'Pesos GPS'!D$8) -> 0.47933245 | L4: =MAX(0,G4*'Pesos GPS'!E$6+H4*'Pesos GPS'!E$7+'Pesos GPS'!E$8) -> 1.7952444 | M4: =MAX(0,I4*'Pesos GPS'!B$13+J4*'Pesos GPS'!B$14+K4*'Pesos GPS'!B$15+L4*'Pesos GPS'!B$16+'Pesos GPS'!B$17) -> 0 | N4: =MAX(0,I4*'Pesos GPS'!C$13+J4*'Pesos GPS'!C$14+K4*'Pesos GPS'!C$15+L4*'Pesos GPS'!C$16+'Pesos GPS'!C$17) -> 0 | O4: =MAX(0,I4*'Pesos GPS'!D$13+J4*'Pesos GPS'!D$14+K4*'Pesos GPS'!D$15+L4*'Pesos GPS'!D$16+'Pesos GPS'!D$17) -> 4.3410318 | P4: =MAX(0,I4*'Pesos GPS'!E$13+J4*'Pesos GPS'!E$14+K4*'Pesos GPS'!E$15+L4*'Pesos GPS'!E$16+'Pesos GPS'!E$17) -> 3.4583097 | Q4: =MAX(0,I4*'Pesos GPS'!F$13+J4*'Pesos GPS'!F$14+K4*'Pesos GPS'!F$15+L4*'Pesos GPS'!F$16+'Pesos GPS'!F$17) -> 0 | R4: =MAX(0,I4*'Pesos GPS'!G$13+J4*'Pesos GPS'!G$14+K4*'Pesos GPS'!G$15+L4*'Pesos GPS'!G$16+'Pesos GPS'!G$17) -> 1.0828961 | S4: =MAX(0,I4*'Pesos GPS'!H$13+J4*'Pesos GPS'!H$14+K4*'Pesos GPS'!H$15+L4*'Pesos GPS'!H$16+'Pesos GPS'!H$17) -> 0 | T4: =MAX(0,I4*'Pesos GPS'!I$13+J4*'Pesos GPS'!I$14+K4*'Pesos GPS'!I$15+L4*'Pesos GPS'!I$16+'Pesos GPS'!I$17) -> 0 | U4: =M4*'Pesos GPS'!$B$22+N4*'Pesos GPS'!$B$23+O4*'Pesos GPS'!$B$24+P4*'Pesos GPS'!$B$25+Q4*'Pesos GPS'!$B$26+R4*'Pesos GPS'!$B$27+S4*'Pesos GPS'!$B$28+T4*'Pesos GPS'!$B$29+'Pesos GPS'!$B$30 -> -4.2090548 | V4: =1/(1+EXP(-U4)) -> 0.01464281 | W4: =IF(V4>=0.5,1,0) -> 0 | X4: =IF(W4=E4,1,0) -> 1 | Y4: =ABS(V4-Z4) -> 0 | Z4: 0.01464281 | AA4: =IF(Y4<0.00000001,"OK","REVISAR") -> OK
A5: 4 | B5: Nueva York | C5: 40.72973 | D5: -74.018158 | E5: 0 | F5: Entrenamiento | G5: =(C5-'Pesos GPS'!$L$4)/'Pesos GPS'!$L$5 -> 1.0070527 | H5: =(D5-'Pesos GPS'!$L$6)/'Pesos GPS'!$L$7 -> -1.0001064 | I5: =MAX(0,G5*'Pesos GPS'!B$6+H5*'Pesos GPS'!B$7+'Pesos GPS'!B$8) -> 2.6718067 | J5: =MAX(0,G5*'Pesos GPS'!C$6+H5*'Pesos GPS'!C$7+'Pesos GPS'!C$8) -> 0.34064198 | K5: =MAX(0,G5*'Pesos GPS'!D$6+H5*'Pesos GPS'!D$7+'Pesos GPS'!D$8) -> 0.480335 | L5: =MAX(0,G5*'Pesos GPS'!E$6+H5*'Pesos GPS'!E$7+'Pesos GPS'!E$8) -> 1.7966266 | M5: =MAX(0,I5*'Pesos GPS'!B$13+J5*'Pesos GPS'!B$14+K5*'Pesos GPS'!B$15+L5*'Pesos GPS'!B$16+'Pesos GPS'!B$17) -> 0 | N5: =MAX(0,I5*'Pesos GPS'!C$13+J5*'Pesos GPS'!C$14+K5*'Pesos GPS'!C$15+L5*'Pesos GPS'!C$16+'Pesos GPS'!C$17) -> 0 | O5: =MAX(0,I5*'Pesos GPS'!D$13+J5*'Pesos GPS'!D$14+K5*'Pesos GPS'!D$15+L5*'Pesos GPS'!D$16+'Pesos GPS'!D$17) -> 4.3412787 | P5: =MAX(0,I5*'Pesos GPS'!E$13+J5*'Pesos GPS'!E$14+K5*'Pesos GPS'!E$15+L5*'Pesos GPS'!E$16+'Pesos GPS'!E$17) -> 3.4598448 | Q5: =MAX(0,I5*'Pesos GPS'!F$13+J5*'Pesos GPS'!F$14+K5*'Pesos GPS'!F$15+L5*'Pesos GPS'!F$16+'Pesos GPS'!F$17) -> 0 | R5: =MAX(0,I5*'Pesos GPS'!G$13+J5*'Pesos GPS'!G$14+K5*'Pesos GPS'!G$15+L5*'Pesos GPS'!G$16+'Pesos GPS'!G$17) -> 1.0832455 | S5: =MAX(0,I5*'Pesos GPS'!H$13+J5*'Pesos GPS'!H$14+K5*'Pesos GPS'!H$15+L5*'Pesos GPS'!H$16+'Pesos GPS'!H$17) -> 0 | T5: =MAX(0,I5*'Pesos GPS'!I$13+J5*'Pesos GPS'!I$14+K5*'Pesos GPS'!I$15+L5*'Pesos GPS'!I$16+'Pesos GPS'!I$17) -> 0 | U5: =M5*'Pesos GPS'!$B$22+N5*'Pesos GPS'!$B$23+O5*'Pesos GPS'!$B$24+P5*'Pesos GPS'!$B$25+Q5*'Pesos GPS'!$B$26+R5*'Pesos GPS'!$B$27+S5*'Pesos GPS'!$B$28+T5*'Pesos GPS'!$B$29+'Pesos GPS'!$B$30 -> -4.2101807 | V5: =1/(1+EXP(-U5)) -> 0.014626574 | W5: =IF(V5>=0.5,1,0) -> 0 | X5: =IF(W5=E5,1,0) -> 1 | Y5: =ABS(V5-Z5) -> 0 | Z5: 0.014626574 | AA5: =IF(Y5<0.00000001,"OK","REVISAR") -> OK
A6: 5 | B6: Nueva York | C6: 40.677681 | D6: -74.007345 | E6: 0 | F6: Entrenamiento | G6: =(C6-'Pesos GPS'!$L$4)/'Pesos GPS'!$L$5 -> 0.98637863 | H6: =(D6-'Pesos GPS'!$L$6)/'Pesos GPS'!$L$7 -> -1.0000052 | I6: =MAX(0,G6*'Pesos GPS'!B$6+H6*'Pesos GPS'!B$7+'Pesos GPS'!B$8) -> 2.6624516 | J6: =MAX(0,G6*'Pesos GPS'!C$6+H6*'Pesos GPS'!C$7+'Pesos GPS'!C$8) -> 0.36141918 | K6: =MAX(0,G6*'Pesos GPS'!D$6+H6*'Pesos GPS'!D$7+'Pesos GPS'!D$8) -> 0.46585241 | L6: =MAX(0,G6*'Pesos GPS'!E$6+H6*'Pesos GPS'!E$7+'Pesos GPS'!E$8) -> 1.7734662 | M6: =MAX(0,I6*'Pesos GPS'!B$13+J6*'Pesos GPS'!B$14+K6*'Pesos GPS'!B$15+L6*'Pesos GPS'!B$16+'Pesos GPS'!B$17) -> 0 | N6: =MAX(0,I6*'Pesos GPS'!C$13+J6*'Pesos GPS'!C$14+K6*'Pesos GPS'!C$15+L6*'Pesos GPS'!C$16+'Pesos GPS'!C$17) -> 0 | O6: =MAX(0,I6*'Pesos GPS'!D$13+J6*'Pesos GPS'!D$14+K6*'Pesos GPS'!D$15+L6*'Pesos GPS'!D$16+'Pesos GPS'!D$17) -> 4.3235047 | P6: =MAX(0,I6*'Pesos GPS'!E$13+J6*'Pesos GPS'!E$14+K6*'Pesos GPS'!E$15+L6*'Pesos GPS'!E$16+'Pesos GPS'!E$17) -> 3.4289858 | Q6: =MAX(0,I6*'Pesos GPS'!F$13+J6*'Pesos GPS'!F$14+K6*'Pesos GPS'!F$15+L6*'Pesos GPS'!F$16+'Pesos GPS'!F$17) -> 0 | R6: =MAX(0,I6*'Pesos GPS'!G$13+J6*'Pesos GPS'!G$14+K6*'Pesos GPS'!G$15+L6*'Pesos GPS'!G$16+'Pesos GPS'!G$17) -> 1.0748934 | S6: =MAX(0,I6*'Pesos GPS'!H$13+J6*'Pesos GPS'!H$14+K6*'Pesos GPS'!H$15+L6*'Pesos GPS'!H$16+'Pesos GPS'!H$17) -> 0.0070023054 | T6: =MAX(0,I6*'Pesos GPS'!I$13+J6*'Pesos GPS'!I$14+K6*'Pesos GPS'!I$15+L6*'Pesos GPS'!I$16+'Pesos GPS'!I$17) -> 0 | U6: =M6*'Pesos GPS'!$B$22+N6*'Pesos GPS'!$B$23+O6*'Pesos GPS'!$B$24+P6*'Pesos GPS'!$B$25+Q6*'Pesos GPS'!$B$26+R6*'Pesos GPS'!$B$27+S6*'Pesos GPS'!$B$28+T6*'Pesos GPS'!$B$29+'Pesos GPS'!$B$30 -> -4.171625 | V6: =1/(1+EXP(-U6)) -> 0.015192789 | W6: =IF(V6>=0.5,1,0) -> 0 | X6: =IF(W6=E6,1,0) -> 1 | Y6: =ABS(V6-Z6) -> 0 | Z6: 0.015192789 | AA6: =IF(Y6<0.00000001,"OK","REVISAR") -> OK
A7: 6 | B7: Nueva York | C7: 40.689361 | D7: -73.961802 | E7: 0 | F7: Entrenamiento | G7: =(C7-'Pesos GPS'!$L$4)/'Pesos GPS'!$L$5 -> 0.99101796 | H7: =(D7-'Pesos GPS'!$L$6)/'Pesos GPS'!$L$7 -> -0.99957884 | I7: =MAX(0,G7*'Pesos GPS'!B$6+H7*'Pesos GPS'!B$7+'Pesos GPS'!B$8) -> 2.6636131 | J7: =MAX(0,G7*'Pesos GPS'!C$6+H7*'Pesos GPS'!C$7+'Pesos GPS'!C$8) -> 0.35615918 | K7: =MAX(0,G7*'Pesos GPS'!D$6+H7*'Pesos GPS'!D$7+'Pesos GPS'!D$8) -> 0.4691818 | L7: =MAX(0,G7*'Pesos GPS'!E$6+H7*'Pesos GPS'!E$7+'Pesos GPS'!E$8) -> 1.7784419 | M7: =MAX(0,I7*'Pesos GPS'!B$13+J7*'Pesos GPS'!B$14+K7*'Pesos GPS'!B$15+L7*'Pesos GPS'!B$16+'Pesos GPS'!B$17) -> 0 | N7: =MAX(0,I7*'Pesos GPS'!C$13+J7*'Pesos GPS'!C$14+K7*'Pesos GPS'!C$15+L7*'Pesos GPS'!C$16+'Pesos GPS'!C$17) -> 0 | O7: =MAX(0,I7*'Pesos GPS'!D$13+J7*'Pesos GPS'!D$14+K7*'Pesos GPS'!D$15+L7*'Pesos GPS'!D$16+'Pesos GPS'!D$17) -> 4.3260399 | P7: =MAX(0,I7*'Pesos GPS'!E$13+J7*'Pesos GPS'!E$14+K7*'Pesos GPS'!E$15+L7*'Pesos GPS'!E$16+'Pesos GPS'!E$17) -> 3.4351321 | Q7: =MAX(0,I7*'Pesos GPS'!F$13+J7*'Pesos GPS'!F$14+K7*'Pesos GPS'!F$15+L7*'Pesos GPS'!F$16+'Pesos GPS'!F$17) -> 0 | R7: =MAX(0,I7*'Pesos GPS'!G$13+J7*'Pesos GPS'!G$14+K7*'Pesos GPS'!G$15+L7*'Pesos GPS'!G$16+'Pesos GPS'!G$17) -> 1.0764526 | S7: =MAX(0,I7*'Pesos GPS'!H$13+J7*'Pesos GPS'!H$14+K7*'Pesos GPS'!H$15+L7*'Pesos GPS'!H$16+'Pesos GPS'!H$17) -> 0.0041221608 | T7: =MAX(0,I7*'Pesos GPS'!I$13+J7*'Pesos GPS'!I$14+K7*'Pesos GPS'!I$15+L7*'Pesos GPS'!I$16+'Pesos GPS'!I$17) -> 0 | U7: =M7*'Pesos GPS'!$B$22+N7*'Pesos GPS'!$B$23+O7*'Pesos GPS'!$B$24+P7*'Pesos GPS'!$B$25+Q7*'Pesos GPS'!$B$26+R7*'Pesos GPS'!$B$27+S7*'Pesos GPS'!$B$28+T7*'Pesos GPS'!$B$29+'Pesos GPS'!$B$30 -> -4.1786851 | V7: =1/(1+EXP(-U7)) -> 0.015087516 | W7: =IF(V7>=0.5,1,0) -> 0 | X7: =IF(W7=E7,1,0) -> 1 | Y7: =ABS(V7-Z7) -> 0 | Z7: 0.015087516 | AA7: =IF(Y7<0.00000001,"OK","REVISAR") -> OK
A8: 7 | B8: Nueva York | C8: 40.715101 | D8: -74.002743 | E8: 0 | F8: Entrenamiento | G8: =(C8-'Pesos GPS'!$L$4)/'Pesos GPS'!$L$5 -> 1.001242 | H8: =(D8-'Pesos GPS'!$L$6)/'Pesos GPS'!$L$7 -> -0.99996208 | I8: =MAX(0,G8*'Pesos GPS'!B$6+H8*'Pesos GPS'!B$7+'Pesos GPS'!B$8) -> 2.6689354 | J8: =MAX(0,G8*'Pesos GPS'!C$6+H8*'Pesos GPS'!C$7+'Pesos GPS'!C$8) -> 0.34632751 | K8: =MAX(0,G8*'Pesos GPS'!D$6+H8*'Pesos GPS'!D$7+'Pesos GPS'!D$8) -> 0.47628499 | L8: =MAX(0,G8*'Pesos GPS'!E$6+H8*'Pesos GPS'!E$7+'Pesos GPS'!E$8) -> 1.7900599 | M8: =MAX(0,I8*'Pesos GPS'!B$13+J8*'Pesos GPS'!B$14+K8*'Pesos GPS'!B$15+L8*'Pesos GPS'!B$16+'Pesos GPS'!B$17) -> 0 | N8: =MAX(0,I8*'Pesos GPS'!C$13+J8*'Pesos GPS'!C$14+K8*'Pesos GPS'!C$15+L8*'Pesos GPS'!C$16+'Pesos GPS'!C$17) -> 0 | O8: =MAX(0,I8*'Pesos GPS'!D$13+J8*'Pesos GPS'!D$14+K8*'Pesos GPS'!D$15+L8*'Pesos GPS'!D$16+'Pesos GPS'!D$17) -> 4.3359081 | P8: =MAX(0,I8*'Pesos GPS'!E$13+J8*'Pesos GPS'!E$14+K8*'Pesos GPS'!E$15+L8*'Pesos GPS'!E$16+'Pesos GPS'!E$17) -> 3.4509706 | Q8: =MAX(0,I8*'Pesos GPS'!F$13+J8*'Pesos GPS'!F$14+K8*'Pesos GPS'!F$15+L8*'Pesos GPS'!F$16+'Pesos GPS'!F$17) -> 0 | R8: =MAX(0,I8*'Pesos GPS'!G$13+J8*'Pesos GPS'!G$14+K8*'Pesos GPS'!G$15+L8*'Pesos GPS'!G$16+'Pesos GPS'!G$17) -> 1.0808167 | S8: =MAX(0,I8*'Pesos GPS'!H$13+J8*'Pesos GPS'!H$14+K8*'Pesos GPS'!H$15+L8*'Pesos GPS'!H$16+'Pesos GPS'!H$17) -> 0 | T8: =MAX(0,I8*'Pesos GPS'!I$13+J8*'Pesos GPS'!I$14+K8*'Pesos GPS'!I$15+L8*'Pesos GPS'!I$16+'Pesos GPS'!I$17) -> 0 | U8: =M8*'Pesos GPS'!$B$22+N8*'Pesos GPS'!$B$23+O8*'Pesos GPS'!$B$24+P8*'Pesos GPS'!$B$25+Q8*'Pesos GPS'!$B$26+R8*'Pesos GPS'!$B$27+S8*'Pesos GPS'!$B$28+T8*'Pesos GPS'!$B$29+'Pesos GPS'!$B$30 -> -4.1994382 | V8: =1/(1+EXP(-U8)) -> 0.014782211 | W8: =IF(V8>=0.5,1,0) -> 0 | X8: =IF(W8=E8,1,0) -> 1 | Y8: =ABS(V8-Z8) -> 0 | Z8: 0.014782211 | AA8: =IF(Y8<0.00000001,"OK","REVISAR") -> OK
A9: 8 | B9: Nueva York | C9: 40.707108 | D9: -73.981432 | E9: 0 | F9: Entrenamiento | G9: =(C9-'Pesos GPS'!$L$4)/'Pesos GPS'!$L$5 -> 0.99806712 | H9: =(D9-'Pesos GPS'!$L$6)/'Pesos GPS'!$L$7 -> -0.99976259 | I9: =MAX(0,G9*'Pesos GPS'!B$6+H9*'Pesos GPS'!B$7+'Pesos GPS'!B$8) -> 2.6671146 | J9: =MAX(0,G9*'Pesos GPS'!C$6+H9*'Pesos GPS'!C$7+'Pesos GPS'!C$8) -> 0.34927343 | K9: =MAX(0,G9*'Pesos GPS'!D$6+H9*'Pesos GPS'!D$7+'Pesos GPS'!D$8) -> 0.47409348 | L9: =MAX(0,G9*'Pesos GPS'!E$6+H9*'Pesos GPS'!E$7+'Pesos GPS'!E$8) -> 1.7864125 | M9: =MAX(0,I9*'Pesos GPS'!B$13+J9*'Pesos GPS'!B$14+K9*'Pesos GPS'!B$15+L9*'Pesos GPS'!B$16+'Pesos GPS'!B$17) -> 0 | N9: =MAX(0,I9*'Pesos GPS'!C$13+J9*'Pesos GPS'!C$14+K9*'Pesos GPS'!C$15+L9*'Pesos GPS'!C$16+'Pesos GPS'!C$17) -> 0 | O9: =MAX(0,I9*'Pesos GPS'!D$13+J9*'Pesos GPS'!D$14+K9*'Pesos GPS'!D$15+L9*'Pesos GPS'!D$16+'Pesos GPS'!D$17) -> 4.3325833 | P9: =MAX(0,I9*'Pesos GPS'!E$13+J9*'Pesos GPS'!E$14+K9*'Pesos GPS'!E$15+L9*'Pesos GPS'!E$16+'Pesos GPS'!E$17) -> 3.4459128 | Q9: =MAX(0,I9*'Pesos GPS'!F$13+J9*'Pesos GPS'!F$14+K9*'Pesos GPS'!F$15+L9*'Pesos GPS'!F$16+'Pesos GPS'!F$17) -> 0 | R9: =MAX(0,I9*'Pesos GPS'!G$13+J9*'Pesos GPS'!G$14+K9*'Pesos GPS'!G$15+L9*'Pesos GPS'!G$16+'Pesos GPS'!G$17) -> 1.0794051 | S9: =MAX(0,I9*'Pesos GPS'!H$13+J9*'Pesos GPS'!H$14+K9*'Pesos GPS'!H$15+L9*'Pesos GPS'!H$16+'Pesos GPS'!H$17) -> 0.00040057733 | T9: =MAX(0,I9*'Pesos GPS'!I$13+J9*'Pesos GPS'!I$14+K9*'Pesos GPS'!I$15+L9*'Pesos GPS'!I$16+'Pesos GPS'!I$17) -> 0 | U9: =M9*'Pesos GPS'!$B$22+N9*'Pesos GPS'!$B$23+O9*'Pesos GPS'!$B$24+P9*'Pesos GPS'!$B$25+Q9*'Pesos GPS'!$B$26+R9*'Pesos GPS'!$B$27+S9*'Pesos GPS'!$B$28+T9*'Pesos GPS'!$B$29+'Pesos GPS'!$B$30 -> -4.1929081 | V9: =1/(1+EXP(-U9)) -> 0.014877615 | W9: =IF(V9>=0.5,1,0) -> 0 | X9: =IF(W9=E9,1,0) -> 1 | Y9: =ABS(V9-Z9) -> 0 | Z9: 0.014877615 | AA9: =IF(Y9<0.00000001,"OK","REVISAR") -> OK
A10: 9 | B10: Nueva York | C10: 40.712498 | D10: -74.018482 | E10: 0 | F10: Entrenamiento | G10: =(C10-'Pesos GPS'!$L$4)/'Pesos GPS'!$L$5 -> 1.000208 | H10: =(D10-'Pesos GPS'!$L$6)/'Pesos GPS'!$L$7 -> -1.0001094 | I10: =MAX(0,G10*'Pesos GPS'!B$6+H10*'Pesos GPS'!B$7+'Pesos GPS'!B$8) -> 2.6687858 | J10: =MAX(0,G10*'Pesos GPS'!C$6+H10*'Pesos GPS'!C$7+'Pesos GPS'!C$8) -> 0.34756937 | K10: =MAX(0,G10*'Pesos GPS'!D$6+H10*'Pesos GPS'!D$7+'Pesos GPS'!D$8) -> 0.47553374 | L10: =MAX(0,G10*'Pesos GPS'!E$6+H10*'Pesos GPS'!E$7+'Pesos GPS'!E$8) -> 1.7889769 | M10: =MAX(0,I10*'Pesos GPS'!B$13+J10*'Pesos GPS'!B$14+K10*'Pesos GPS'!B$15+L10*'Pesos GPS'!B$16+'Pesos GPS'!B$17) -> 0 | N10: =MAX(0,I10*'Pesos GPS'!C$13+J10*'Pesos GPS'!C$14+K10*'Pesos GPS'!C$15+L10*'Pesos GPS'!C$16+'Pesos GPS'!C$17) -> 0 | O10: =MAX(0,I10*'Pesos GPS'!D$13+J10*'Pesos GPS'!D$14+K10*'Pesos GPS'!D$15+L10*'Pesos GPS'!D$16+'Pesos GPS'!D$17) -> 4.3355125 | P10: =MAX(0,I10*'Pesos GPS'!E$13+J10*'Pesos GPS'!E$14+K10*'Pesos GPS'!E$15+L10*'Pesos GPS'!E$16+'Pesos GPS'!E$17) -> 3.4496916 | Q10: =MAX(0,I10*'Pesos GPS'!F$13+J10*'Pesos GPS'!F$14+K10*'Pesos GPS'!F$15+L10*'Pesos GPS'!F$16+'Pesos GPS'!F$17) -> 0 | R10: =MAX(0,I10*'Pesos GPS'!G$13+J10*'Pesos GPS'!G$14+K10*'Pesos GPS'!G$15+L10*'Pesos GPS'!G$16+'Pesos GPS'!G$17) -> 1.080506 | S10: =MAX(0,I10*'Pesos GPS'!H$13+J10*'Pesos GPS'!H$14+K10*'Pesos GPS'!H$15+L10*'Pesos GPS'!H$16+'Pesos GPS'!H$17) -> 0 | T10: =MAX(0,I10*'Pesos GPS'!I$13+J10*'Pesos GPS'!I$14+K10*'Pesos GPS'!I$15+L10*'Pesos GPS'!I$16+'Pesos GPS'!I$17) -> 0 | U10: =M10*'Pesos GPS'!$B$22+N10*'Pesos GPS'!$B$23+O10*'Pesos GPS'!$B$24+P10*'Pesos GPS'!$B$25+Q10*'Pesos GPS'!$B$26+R10*'Pesos GPS'!$B$27+S10*'Pesos GPS'!$B$28+T10*'Pesos GPS'!$B$29+'Pesos GPS'!$B$30 -> -4.1982962 | V10: =1/(1+EXP(-U10)) -> 0.014798853 | W10: =IF(V10>=0.5,1,0) -> 0 | X10: =IF(W10=E10,1,0) -> 1 | Y10: =ABS(V10-Z10) -> 0 | Z10: 0.014798853 | AA10: =IF(Y10<0.00000001,"OK","REVISAR") -> OK
A11: 10 | B11: Nueva York | C11: 40.697445 | D11: -74.035624 | E11: 0 | F11: Entrenamiento | G11: =(C11-'Pesos GPS'!$L$4)/'Pesos GPS'!$L$5 -> 0.99422895 | H11: =(D11-'Pesos GPS'!$L$6)/'Pesos GPS'!$L$7 -> -1.0002699 | I11: =MAX(0,G11*'Pesos GPS'!B$6+H11*'Pesos GPS'!B$7+'Pesos GPS'!B$8) -> 2.6664766 | J11: =MAX(0,G11*'Pesos GPS'!C$6+H11*'Pesos GPS'!C$7+'Pesos GPS'!C$8) -> 0.35383079 | K11: =MAX(0,G11*'Pesos GPS'!D$6+H11*'Pesos GPS'!D$7+'Pesos GPS'!D$8) -> 0.47131169 | L11: =MAX(0,G11*'Pesos GPS'!E$6+H11*'Pesos GPS'!E$7+'Pesos GPS'!E$8) -> 1.7823724 | M11: =MAX(0,I11*'Pesos GPS'!B$13+J11*'Pesos GPS'!B$14+K11*'Pesos GPS'!B$15+L11*'Pesos GPS'!B$16+'Pesos GPS'!B$17) -> 0 | N11: =MAX(0,I11*'Pesos GPS'!C$13+J11*'Pesos GPS'!C$14+K11*'Pesos GPS'!C$15+L11*'Pesos GPS'!C$16+'Pesos GPS'!C$17) -> 0 | O11: =MAX(0,I11*'Pesos GPS'!D$13+J11*'Pesos GPS'!D$14+K11*'Pesos GPS'!D$15+L11*'Pesos GPS'!D$16+'Pesos GPS'!D$17) -> 4.3309862 | P11: =MAX(0,I11*'Pesos GPS'!E$13+J11*'Pesos GPS'!E$14+K11*'Pesos GPS'!E$15+L11*'Pesos GPS'!E$16+'Pesos GPS'!E$17) -> 3.4410959 | Q11: =MAX(0,I11*'Pesos GPS'!F$13+J11*'Pesos GPS'!F$14+K11*'Pesos GPS'!F$15+L11*'Pesos GPS'!F$16+'Pesos GPS'!F$17) -> 0 | R11: =MAX(0,I11*'Pesos GPS'!G$13+J11*'Pesos GPS'!G$14+K11*'Pesos GPS'!G$15+L11*'Pesos GPS'!G$16+'Pesos GPS'!G$17) -> 1.0782236 | S11: =MAX(0,I11*'Pesos GPS'!H$13+J11*'Pesos GPS'!H$14+K11*'Pesos GPS'!H$15+L11*'Pesos GPS'!H$16+'Pesos GPS'!H$17) -> 0.0029050487 | T11: =MAX(0,I11*'Pesos GPS'!I$13+J11*'Pesos GPS'!I$14+K11*'Pesos GPS'!I$15+L11*'Pesos GPS'!I$16+'Pesos GPS'!I$17) -> 0 | U11: =M11*'Pesos GPS'!$B$22+N11*'Pesos GPS'!$B$23+O11*'Pesos GPS'!$B$24+P11*'Pesos GPS'!$B$25+Q11*'Pesos GPS'!$B$26+R11*'Pesos GPS'!$B$27+S11*'Pesos GPS'!$B$28+T11*'Pesos GPS'!$B$29+'Pesos GPS'!$B$30 -> -4.187717 | V11: =1/(1+EXP(-U11)) -> 0.01495389 | W11: =IF(V11>=0.5,1,0) -> 0 | X11: =IF(W11=E11,1,0) -> 1 | Y11: =ABS(V11-Z11) -> 0 | Z11: 0.01495389 | AA11: =IF(Y11<0.00000001,"OK","REVISAR") -> OK
A12: 11 | B12: Nueva York | C12: 40.728629 | D12: -74.030128 | E12: 0 | F12: Entrenamiento | G12: =(C12-'Pesos GPS'!$L$4)/'Pesos GPS'!$L$5 -> 1.0066153 | H12: =(D12-'Pesos GPS'!$L$6)/'Pesos GPS'!$L$7 -> -1.0002184 | I12: =MAX(0,G12*'Pesos GPS'!B$6+H12*'Pesos GPS'!B$7+'Pesos GPS'!B$8) -> 2.6718473 | J12: =MAX(0,G12*'Pesos GPS'!C$6+H12*'Pesos GPS'!C$7+'Pesos GPS'!C$8) -> 0.34123344 | K12: =MAX(0,G12*'Pesos GPS'!D$6+H12*'Pesos GPS'!D$7+'Pesos GPS'!D$8) -> 0.48000844 | L12: =MAX(0,G12*'Pesos GPS'!E$6+H12*'Pesos GPS'!E$7+'Pesos GPS'!E$8) -> 1.796193 | M12: =MAX(0,I12*'Pesos GPS'!B$13+J12*'Pesos GPS'!B$14+K12*'Pesos GPS'!B$15+L12*'Pesos GPS'!B$16+'Pesos GPS'!B$17) -> 0 | N12: =MAX(0,I12*'Pesos GPS'!C$13+J12*'Pesos GPS'!C$14+K12*'Pesos GPS'!C$15+L12*'Pesos GPS'!C$16+'Pesos GPS'!C$17) -> 0 | O12: =MAX(0,I12*'Pesos GPS'!D$13+J12*'Pesos GPS'!D$14+K12*'Pesos GPS'!D$15+L12*'Pesos GPS'!D$16+'Pesos GPS'!D$17) -> 4.3412723 | P12: =MAX(0,I12*'Pesos GPS'!E$13+J12*'Pesos GPS'!E$14+K12*'Pesos GPS'!E$15+L12*'Pesos GPS'!E$16+'Pesos GPS'!E$17) -> 3.45939 | Q12: =MAX(0,I12*'Pesos GPS'!F$13+J12*'Pesos GPS'!F$14+K12*'Pesos GPS'!F$15+L12*'Pesos GPS'!F$16+'Pesos GPS'!F$17) -> 0 | R12: =MAX(0,I12*'Pesos GPS'!G$13+J12*'Pesos GPS'!G$14+K12*'Pesos GPS'!G$15+L12*'Pesos GPS'!G$16+'Pesos GPS'!G$17) -> 1.0831489 | S12: =MAX(0,I12*'Pesos GPS'!H$13+J12*'Pesos GPS'!H$14+K12*'Pesos GPS'!H$15+L12*'Pesos GPS'!H$16+'Pesos GPS'!H$17) -> 0 | T12: =MAX(0,I12*'Pesos GPS'!I$13+J12*'Pesos GPS'!I$14+K12*'Pesos GPS'!I$15+L12*'Pesos GPS'!I$16+'Pesos GPS'!I$17) -> 0 | U12: =M12*'Pesos GPS'!$B$22+N12*'Pesos GPS'!$B$23+O12*'Pesos GPS'!$B$24+P12*'Pesos GPS'!$B$25+Q12*'Pesos GPS'!$B$26+R12*'Pesos GPS'!$B$27+S12*'Pesos GPS'!$B$28+T12*'Pesos GPS'!$B$29+'Pesos GPS'!$B$30 -> -4.2099188 | V12: =1/(1+EXP(-U12)) -> 0.014630349 | W12: =IF(V12>=0.5,1,0) -> 0 | X12: =IF(W12=E12,1,0) -> 1 | Y12: =ABS(V12-Z12) -> 0 | Z12: 0.014630349 | AA12: =IF(Y12<0.00000001,"OK","REVISAR") -> OK
A13: 12 | B13: Nueva York | C13: 40.7268 | D13: -74.024131 | E13: 0 | F13: Entrenamiento | G13: =(C13-'Pesos GPS'!$L$4)/'Pesos GPS'!$L$5 -> 1.0058888 | H13: =(D13-'Pesos GPS'!$L$6)/'Pesos GPS'!$L$7 -> -1.0001623 | I13: =MAX(0,G13*'Pesos GPS'!B$6+H13*'Pesos GPS'!B$7+'Pesos GPS'!B$8) -> 2.6714088 | J13: =MAX(0,G13*'Pesos GPS'!C$6+H13*'Pesos GPS'!C$7+'Pesos GPS'!C$8) -> 0.34189358 | K13: =MAX(0,G13*'Pesos GPS'!D$6+H13*'Pesos GPS'!D$7+'Pesos GPS'!D$8) -> 0.47950883 | L13: =MAX(0,G13*'Pesos GPS'!E$6+H13*'Pesos GPS'!E$7+'Pesos GPS'!E$8) -> 1.7953532 | M13: =MAX(0,I13*'Pesos GPS'!B$13+J13*'Pesos GPS'!B$14+K13*'Pesos GPS'!B$15+L13*'Pesos GPS'!B$16+'Pesos GPS'!B$17) -> 0 | N13: =MAX(0,I13*'Pesos GPS'!C$13+J13*'Pesos GPS'!C$14+K13*'Pesos GPS'!C$15+L13*'Pesos GPS'!C$16+'Pesos GPS'!C$17) -> 0 | O13: =MAX(0,I13*'Pesos GPS'!D$13+J13*'Pesos GPS'!D$14+K13*'Pesos GPS'!D$15+L13*'Pesos GPS'!D$16+'Pesos GPS'!D$17) -> 4.3404775 | P13: =MAX(0,I13*'Pesos GPS'!E$13+J13*'Pesos GPS'!E$14+K13*'Pesos GPS'!E$15+L13*'Pesos GPS'!E$16+'Pesos GPS'!E$17) -> 3.4582145 | Q13: =MAX(0,I13*'Pesos GPS'!F$13+J13*'Pesos GPS'!F$14+K13*'Pesos GPS'!F$15+L13*'Pesos GPS'!F$16+'Pesos GPS'!F$17) -> 0 | R13: =MAX(0,I13*'Pesos GPS'!G$13+J13*'Pesos GPS'!G$14+K13*'Pesos GPS'!G$15+L13*'Pesos GPS'!G$16+'Pesos GPS'!G$17) -> 1.0828185 | S13: =MAX(0,I13*'Pesos GPS'!H$13+J13*'Pesos GPS'!H$14+K13*'Pesos GPS'!H$15+L13*'Pesos GPS'!H$16+'Pesos GPS'!H$17) -> 0 | T13: =MAX(0,I13*'Pesos GPS'!I$13+J13*'Pesos GPS'!I$14+K13*'Pesos GPS'!I$15+L13*'Pesos GPS'!I$16+'Pesos GPS'!I$17) -> 0 | U13: =M13*'Pesos GPS'!$B$22+N13*'Pesos GPS'!$B$23+O13*'Pesos GPS'!$B$24+P13*'Pesos GPS'!$B$25+Q13*'Pesos GPS'!$B$26+R13*'Pesos GPS'!$B$27+S13*'Pesos GPS'!$B$28+T13*'Pesos GPS'!$B$29+'Pesos GPS'!$B$30 -> -4.2084063 | V13: =1/(1+EXP(-U13)) -> 0.014652169 | W13: =IF(V13>=0.5,1,0) -> 0 | X13: =IF(W13=E13,1,0) -> 1 | Y13: =ABS(V13-Z13) -> 0 | Z13: 0.014652169 | AA13: =IF(Y13<0.00000001,"OK","REVISAR") -> OK
... A301: 300 | B301: Tokio | C301: 35.685784 | D301: 139.58818 | E301: 1 | F301: Entrenamiento | G301: =(C301-'Pesos GPS'!$L$4)/'Pesos GPS'!$L$5 -> -0.9964184 | H301: =(D301-'Pesos GPS'!$L$6)/'Pesos GPS'!$L$7 -> 0.99943434 | I301: =MAX(0,G301*'Pesos GPS'!B$6+H301*'Pesos GPS'!B$7+'Pesos GPS'!B$8) -> 0 | J301: =MAX(0,G301*'Pesos GPS'!C$6+H301*'Pesos GPS'!C$7+'Pesos GPS'!C$8) -> 0 | K301: =MAX(0,G301*'Pesos GPS'!D$6+H301*'Pesos GPS'!D$7+'Pesos GPS'!D$8) -> 0 | L301: =MAX(0,G301*'Pesos GPS'!E$6+H301*'Pesos GPS'!E$7+'Pesos GPS'!E$8) -> 0 | M301: =MAX(0,I301*'Pesos GPS'!B$13+J301*'Pesos GPS'!B$14+K301*'Pesos GPS'!B$15+L301*'Pesos GPS'!B$16+'Pesos GPS'!B$17) -> 0 | N301: =MAX(0,I301*'Pesos GPS'!C$13+J301*'Pesos GPS'!C$14+K301*'Pesos GPS'!C$15+L301*'Pesos GPS'!C$16+'Pesos GPS'!C$17) -> 0 | O301: =MAX(0,I301*'Pesos GPS'!D$13+J301*'Pesos GPS'!D$14+K301*'Pesos GPS'!D$15+L301*'Pesos GPS'!D$16+'Pesos GPS'!D$17) -> 0 | P301: =MAX(0,I301*'Pesos GPS'!E$13+J301*'Pesos GPS'!E$14+K301*'Pesos GPS'!E$15+L301*'Pesos GPS'!E$16+'Pesos GPS'!E$17) -> 0 | Q301: =MAX(0,I301*'Pesos GPS'!F$13+J301*'Pesos GPS'!F$14+K301*'Pesos GPS'!F$15+L301*'Pesos GPS'!F$16+'Pesos GPS'!F$17) -> 0 | R301: =MAX(0,I301*'Pesos GPS'!G$13+J301*'Pesos GPS'!G$14+K301*'Pesos GPS'!G$15+L301*'Pesos GPS'!G$16+'Pesos GPS'!G$17) -> 0 | S301: =MAX(0,I301*'Pesos GPS'!H$13+J301*'Pesos GPS'!H$14+K301*'Pesos GPS'!H$15+L301*'Pesos GPS'!H$16+'Pesos GPS'!H$17) -> 0 | T301: =MAX(0,I301*'Pesos GPS'!I$13+J301*'Pesos GPS'!I$14+K301*'Pesos GPS'!I$15+L301*'Pesos GPS'!I$16+'Pesos GPS'!I$17) -> 0 | U301: =M301*'Pesos GPS'!$B$22+N301*'Pesos GPS'!$B$23+O301*'Pesos GPS'!$B$24+P301*'Pesos GPS'!$B$25+Q301*'Pesos GPS'!$B$26+R301*'Pesos GPS'!$B$27+S301*'Pesos GPS'!$B$28+T301*'Pesos GPS'!$B$29+'Pesos GPS'!$B$30 -> 2.3780715 | V301: =1/(1+EXP(-U301)) -> 0.91513979 | W301: =IF(V301>=0.5,1,0) -> 1 | X301: =IF(W301=E301,1,0) -> 1 | Y301: =ABS(V301-Z301) -> 0 | Z301: 0.91513979 | AA301: =IF(Y301<0.00000001,"OK","REVISAR") -> OK

Sheet Resumen GPS
A1: VALIDACIÓN DE PESOS | RED NEURONAL GPS
A3: Indicador | B3: Valor
A4: Nueva York | B4: 150
A5: Tokio | B5: 150
A6: Total coordenadas | B6: 300
A7: Arquitectura | B7: 2 → 4 → 8 → 1
A8: Épocas | B8: 2000
A9: Tasa de aprendizaje | B9: 0.1
A10: MSE final NumPy | B10: 0.003710429
A11: Exactitud en entrenamiento NumPy | B11: 1
A12: Exactitud calculada Excel | B12: =SUM('Validacion GPS'!X2:X301)/300 -> 1
A13: Máx. diferencia |Excel-NumPy| | B13: =MAX('Validacion GPS'!Y2:Y301) -> 0
A14: Filas validadas (OK) | B14: =COUNTIF('Validacion GPS'!AA2:AA301,"OK") -> 300
A15: Resultado de validación | B15: =IF(AND(B13<0.00000001,B14=300),"PESOS VALIDADOS","REVISAR") -> PESOS VALIDADOS
A17: MÉTODO
A18: Las fórmulas de Validacion GPS reconstruyen cada capa (ReLU, ReLU y Sigmoide).
A19: Comparan 300 resultados de Excel con las probabilidades del modelo NumPy.
